service_code,service_name,default_labor_hours,default_labor_rate,description,inspection_template,section,checklist_item
PM-HD,Heavy-Duty PM Service,3.5,165,Heavy-Duty PM Service for heavy-duty fleet units,Heavy-Duty PM,Engine & Fluids,Engine oil level and condition
PM-HD,Heavy-Duty PM Service,3.5,165,Heavy-Duty PM Service for heavy-duty fleet units,Heavy-Duty PM,Engine & Fluids,Coolant level and condition
PM-HD,Heavy-Duty PM Service,3.5,165,Heavy-Duty PM Service for heavy-duty fleet units,Heavy-Duty PM,Engine & Fluids,Belts and hoses
PM-HD,Heavy-Duty PM Service,3.5,165,Heavy-Duty PM Service for heavy-duty fleet units,Heavy-Duty PM,Engine & Fluids,Air filter restriction
PM-HD,Heavy-Duty PM Service,3.5,165,Heavy-Duty PM Service for heavy-duty fleet units,Heavy-Duty PM,Fuel & Aftertreatment,Fuel filter / water separator
PM-HD,Heavy-Duty PM Service,3.5,165,Heavy-Duty PM Service for heavy-duty fleet units,Heavy-Duty PM,Fuel & Aftertreatment,DEF level and quality
PM-HD,Heavy-Duty PM Service,3.5,165,Heavy-Duty PM Service for heavy-duty fleet units,Heavy-Duty PM,Fuel & Aftertreatment,DPF differential pressure
PM-HD,Heavy-Duty PM Service,3.5,165,Heavy-Duty PM Service for heavy-duty fleet units,Heavy-Duty PM,Air & Brakes,Air system leak-down
PM-HD,Heavy-Duty PM Service,3.5,165,Heavy-Duty PM Service for heavy-duty fleet units,Heavy-Duty PM,Air & Brakes,Brake lining thickness
PM-HD,Heavy-Duty PM Service,3.5,165,Heavy-Duty PM Service for heavy-duty fleet units,Heavy-Duty PM,Air & Brakes,Slack adjuster stroke
PM-HD,Heavy-Duty PM Service,3.5,165,Heavy-Duty PM Service for heavy-duty fleet units,Heavy-Duty PM,Chassis & Safety,Steering linkage
PM-HD,Heavy-Duty PM Service,3.5,165,Heavy-Duty PM Service for heavy-duty fleet units,Heavy-Duty PM,Chassis & Safety,Fifth wheel and mounting
PM-HD,Heavy-Duty PM Service,3.5,165,Heavy-Duty PM Service for heavy-duty fleet units,Heavy-Duty PM,Chassis & Safety,Lights and reflectors
PM-HD,Heavy-Duty PM Service,3.5,165,Heavy-Duty PM Service for heavy-duty fleet units,Heavy-Duty PM,Chassis & Safety,Tire tread and pressure
BRK-INSP,Brake Inspection,1.5,165,Brake Inspection for heavy-duty fleet units,Brake Inspection,Brake Inspection Section 1,Brake Inspection check 1.1
BRK-INSP,Brake Inspection,1.5,165,Brake Inspection for heavy-duty fleet units,Brake Inspection,Brake Inspection Section 1,Brake Inspection check 1.2
BRK-INSP,Brake Inspection,1.5,165,Brake Inspection for heavy-duty fleet units,Brake Inspection,Brake Inspection Section 1,Brake Inspection check 1.3
BRK-INSP,Brake Inspection,1.5,165,Brake Inspection for heavy-duty fleet units,Brake Inspection,Brake Inspection Section 1,Brake Inspection check 1.4
BRK-INSP,Brake Inspection,1.5,165,Brake Inspection for heavy-duty fleet units,Brake Inspection,Brake Inspection Section 2,Brake Inspection check 2.1
BRK-INSP,Brake Inspection,1.5,165,Brake Inspection for heavy-duty fleet units,Brake Inspection,Brake Inspection Section 2,Brake Inspection check 2.2
BRK-INSP,Brake Inspection,1.5,165,Brake Inspection for heavy-duty fleet units,Brake Inspection,Brake Inspection Section 2,Brake Inspection check 2.3
BRK-INSP,Brake Inspection,1.5,165,Brake Inspection for heavy-duty fleet units,Brake Inspection,Brake Inspection Section 2,Brake Inspection check 2.4
TIRE-INSP,Tire & Wheel Inspection,1.0,165,Tire & Wheel Inspection for heavy-duty fleet units,Tire & Wheel Inspection,Tire & Wheel Inspection Section 1,Tire & Wheel Inspection check 1.1
TIRE-INSP,Tire & Wheel Inspection,1.0,165,Tire & Wheel Inspection for heavy-duty fleet units,Tire & Wheel Inspection,Tire & Wheel Inspection Section 1,Tire & Wheel Inspection check 1.2
TIRE-INSP,Tire & Wheel Inspection,1.0,165,Tire & Wheel Inspection for heavy-duty fleet units,Tire & Wheel Inspection,Tire & Wheel Inspection Section 1,Tire & Wheel Inspection check 1.3
TIRE-INSP,Tire & Wheel Inspection,1.0,165,Tire & Wheel Inspection for heavy-duty fleet units,Tire & Wheel Inspection,Tire & Wheel Inspection Section 1,Tire & Wheel Inspection check 1.4
TIRE-INSP,Tire & Wheel Inspection,1.0,165,Tire & Wheel Inspection for heavy-duty fleet units,Tire & Wheel Inspection,Tire & Wheel Inspection Section 2,Tire & Wheel Inspection check 2.1
TIRE-INSP,Tire & Wheel Inspection,1.0,165,Tire & Wheel Inspection for heavy-duty fleet units,Tire & Wheel Inspection,Tire & Wheel Inspection Section 2,Tire & Wheel Inspection check 2.2
TIRE-INSP,Tire & Wheel Inspection,1.0,165,Tire & Wheel Inspection for heavy-duty fleet units,Tire & Wheel Inspection,Tire & Wheel Inspection Section 2,Tire & Wheel Inspection check 2.3
TIRE-INSP,Tire & Wheel Inspection,1.0,165,Tire & Wheel Inspection for heavy-duty fleet units,Tire & Wheel Inspection,Tire & Wheel Inspection Section 2,Tire & Wheel Inspection check 2.4
COOL-INSP,Cooling System Inspection,1.2,165,Cooling System Inspection for heavy-duty fleet units,Cooling System Inspection,Cooling System Inspection Section 1,Cooling System Inspection check 1.1
COOL-INSP,Cooling System Inspection,1.2,165,Cooling System Inspection for heavy-duty fleet units,Cooling System Inspection,Cooling System Inspection Section 1,Cooling System Inspection check 1.2
COOL-INSP,Cooling System Inspection,1.2,165,Cooling System Inspection for heavy-duty fleet units,Cooling System Inspection,Cooling System Inspection Section 1,Cooling System Inspection check 1.3
COOL-INSP,Cooling System Inspection,1.2,165,Cooling System Inspection for heavy-duty fleet units,Cooling System Inspection,Cooling System Inspection Section 1,Cooling System Inspection check 1.4
COOL-INSP,Cooling System Inspection,1.2,165,Cooling System Inspection for heavy-duty fleet units,Cooling System Inspection,Cooling System Inspection Section 2,Cooling System Inspection check 2.1
COOL-INSP,Cooling System Inspection,1.2,165,Cooling System Inspection for heavy-duty fleet units,Cooling System Inspection,Cooling System Inspection Section 2,Cooling System Inspection check 2.2
COOL-INSP,Cooling System Inspection,1.2,165,Cooling System Inspection for heavy-duty fleet units,Cooling System Inspection,Cooling System Inspection Section 2,Cooling System Inspection check 2.3
COOL-INSP,Cooling System Inspection,1.2,165,Cooling System Inspection for heavy-duty fleet units,Cooling System Inspection,Cooling System Inspection Section 2,Cooling System Inspection check 2.4
ELEC-INSP,Electrical Inspection,1.0,165,Electrical Inspection for heavy-duty fleet units,Electrical Inspection,Electrical Inspection Section 1,Electrical Inspection check 1.1
ELEC-INSP,Electrical Inspection,1.0,165,Electrical Inspection for heavy-duty fleet units,Electrical Inspection,Electrical Inspection Section 1,Electrical Inspection check 1.2
ELEC-INSP,Electrical Inspection,1.0,165,Electrical Inspection for heavy-duty fleet units,Electrical Inspection,Electrical Inspection Section 1,Electrical Inspection check 1.3
ELEC-INSP,Electrical Inspection,1.0,165,Electrical Inspection for heavy-duty fleet units,Electrical Inspection,Electrical Inspection Section 1,Electrical Inspection check 1.4
ELEC-INSP,Electrical Inspection,1.0,165,Electrical Inspection for heavy-duty fleet units,Electrical Inspection,Electrical Inspection Section 2,Electrical Inspection check 2.1
ELEC-INSP,Electrical Inspection,1.0,165,Electrical Inspection for heavy-duty fleet units,Electrical Inspection,Electrical Inspection Section 2,Electrical Inspection check 2.2
ELEC-INSP,Electrical Inspection,1.0,165,Electrical Inspection for heavy-duty fleet units,Electrical Inspection,Electrical Inspection Section 2,Electrical Inspection check 2.3
ELEC-INSP,Electrical Inspection,1.0,165,Electrical Inspection for heavy-duty fleet units,Electrical Inspection,Electrical Inspection Section 2,Electrical Inspection check 2.4
SUSP-INSP,Suspension Inspection,1.5,165,Suspension Inspection for heavy-duty fleet units,Suspension Inspection,Suspension Inspection Section 1,Suspension Inspection check 1.1
SUSP-INSP,Suspension Inspection,1.5,165,Suspension Inspection for heavy-duty fleet units,Suspension Inspection,Suspension Inspection Section 1,Suspension Inspection check 1.2
SUSP-INSP,Suspension Inspection,1.5,165,Suspension Inspection for heavy-duty fleet units,Suspension Inspection,Suspension Inspection Section 1,Suspension Inspection check 1.3
SUSP-INSP,Suspension Inspection,1.5,165,Suspension Inspection for heavy-duty fleet units,Suspension Inspection,Suspension Inspection Section 1,Suspension Inspection check 1.4
SUSP-INSP,Suspension Inspection,1.5,165,Suspension Inspection for heavy-duty fleet units,Suspension Inspection,Suspension Inspection Section 2,Suspension Inspection check 2.1
SUSP-INSP,Suspension Inspection,1.5,165,Suspension Inspection for heavy-duty fleet units,Suspension Inspection,Suspension Inspection Section 2,Suspension Inspection check 2.2
SUSP-INSP,Suspension Inspection,1.5,165,Suspension Inspection for heavy-duty fleet units,Suspension Inspection,Suspension Inspection Section 2,Suspension Inspection check 2.3
SUSP-INSP,Suspension Inspection,1.5,165,Suspension Inspection for heavy-duty fleet units,Suspension Inspection,Suspension Inspection Section 2,Suspension Inspection check 2.4
DRV-INSP,Drivetrain Inspection,1.5,165,Drivetrain Inspection for heavy-duty fleet units,Drivetrain Inspection,Drivetrain Inspection Section 1,Drivetrain Inspection check 1.1
DRV-INSP,Drivetrain Inspection,1.5,165,Drivetrain Inspection for heavy-duty fleet units,Drivetrain Inspection,Drivetrain Inspection Section 1,Drivetrain Inspection check 1.2
DRV-INSP,Drivetrain Inspection,1.5,165,Drivetrain Inspection for heavy-duty fleet units,Drivetrain Inspection,Drivetrain Inspection Section 1,Drivetrain Inspection check 1.3
DRV-INSP,Drivetrain Inspection,1.5,165,Drivetrain Inspection for heavy-duty fleet units,Drivetrain Inspection,Drivetrain Inspection Section 1,Drivetrain Inspection check 1.4
DRV-INSP,Drivetrain Inspection,1.5,165,Drivetrain Inspection for heavy-duty fleet units,Drivetrain Inspection,Drivetrain Inspection Section 2,Drivetrain Inspection check 2.1
DRV-INSP,Drivetrain Inspection,1.5,165,Drivetrain Inspection for heavy-duty fleet units,Drivetrain Inspection,Drivetrain Inspection Section 2,Drivetrain Inspection check 2.2
DRV-INSP,Drivetrain Inspection,1.5,165,Drivetrain Inspection for heavy-duty fleet units,Drivetrain Inspection,Drivetrain Inspection Section 2,Drivetrain Inspection check 2.3
DRV-INSP,Drivetrain Inspection,1.5,165,Drivetrain Inspection for heavy-duty fleet units,Drivetrain Inspection,Drivetrain Inspection Section 2,Drivetrain Inspection check 2.4
DOT-ANN,DOT Annual Inspection,2.0,165,DOT Annual Inspection for heavy-duty fleet units,DOT Annual Inspection,DOT Annual Inspection Section 1,DOT Annual Inspection check 1.1
DOT-ANN,DOT Annual Inspection,2.0,165,DOT Annual Inspection for heavy-duty fleet units,DOT Annual Inspection,DOT Annual Inspection Section 1,DOT Annual Inspection check 1.2
DOT-ANN,DOT Annual Inspection,2.0,165,DOT Annual Inspection for heavy-duty fleet units,DOT Annual Inspection,DOT Annual Inspection Section 1,DOT Annual Inspection check 1.3
DOT-ANN,DOT Annual Inspection,2.0,165,DOT Annual Inspection for heavy-duty fleet units,DOT Annual Inspection,DOT Annual Inspection Section 1,DOT Annual Inspection check 1.4
DOT-ANN,DOT Annual Inspection,2.0,165,DOT Annual Inspection for heavy-duty fleet units,DOT Annual Inspection,DOT Annual Inspection Section 2,DOT Annual Inspection check 2.1
DOT-ANN,DOT Annual Inspection,2.0,165,DOT Annual Inspection for heavy-duty fleet units,DOT Annual Inspection,DOT Annual Inspection Section 2,DOT Annual Inspection check 2.2
DOT-ANN,DOT Annual Inspection,2.0,165,DOT Annual Inspection for heavy-duty fleet units,DOT Annual Inspection,DOT Annual Inspection Section 2,DOT Annual Inspection check 2.3
DOT-ANN,DOT Annual Inspection,2.0,165,DOT Annual Inspection for heavy-duty fleet units,DOT Annual Inspection,DOT Annual Inspection Section 2,DOT Annual Inspection check 2.4
PRETRIP,Pre-Trip Inspection,0.5,165,Pre-Trip Inspection for heavy-duty fleet units,Pre-Trip Inspection,Pre-Trip Inspection Section 1,Pre-Trip Inspection check 1.1
PRETRIP,Pre-Trip Inspection,0.5,165,Pre-Trip Inspection for heavy-duty fleet units,Pre-Trip Inspection,Pre-Trip Inspection Section 1,Pre-Trip Inspection check 1.2
PRETRIP,Pre-Trip Inspection,0.5,165,Pre-Trip Inspection for heavy-duty fleet units,Pre-Trip Inspection,Pre-Trip Inspection Section 1,Pre-Trip Inspection check 1.3
PRETRIP,Pre-Trip Inspection,0.5,165,Pre-Trip Inspection for heavy-duty fleet units,Pre-Trip Inspection,Pre-Trip Inspection Section 1,Pre-Trip Inspection check 1.4
PRETRIP,Pre-Trip Inspection,0.5,165,Pre-Trip Inspection for heavy-duty fleet units,Pre-Trip Inspection,Pre-Trip Inspection Section 2,Pre-Trip Inspection check 2.1
PRETRIP,Pre-Trip Inspection,0.5,165,Pre-Trip Inspection for heavy-duty fleet units,Pre-Trip Inspection,Pre-Trip Inspection Section 2,Pre-Trip Inspection check 2.2
PRETRIP,Pre-Trip Inspection,0.5,165,Pre-Trip Inspection for heavy-duty fleet units,Pre-Trip Inspection,Pre-Trip Inspection Section 2,Pre-Trip Inspection check 2.3
PRETRIP,Pre-Trip Inspection,0.5,165,Pre-Trip Inspection for heavy-duty fleet units,Pre-Trip Inspection,Pre-Trip Inspection Section 2,Pre-Trip Inspection check 2.4
SVC-001,Oil & Filter Change,1.0,165,Oil & Filter Change for heavy-duty fleet units,,,
SVC-002,Fuel Filter Replacement,1.5,165,Fuel Filter Replacement for heavy-duty fleet units,,,
SVC-003,Air Dryer Cartridge,2.0,165,Air Dryer Cartridge for heavy-duty fleet units,,,
SVC-004,Brake Chamber Replacement,2.5,165,Brake Chamber Replacement for heavy-duty fleet units,,,
SVC-005,Slack Adjuster Service,1.0,165,Slack Adjuster Service for heavy-duty fleet units,,,
SVC-006,Wheel Seal Replacement,1.5,165,Wheel Seal Replacement for heavy-duty fleet units,,,
SVC-007,Coolant Flush,2.0,165,Coolant Flush for heavy-duty fleet units,,,
SVC-008,Alternator Replacement,2.5,165,Alternator Replacement for heavy-duty fleet units,,,
SVC-009,Starter Replacement,1.0,165,Starter Replacement for heavy-duty fleet units,,,
SVC-010,Shock Absorber Replacement,1.5,165,Shock Absorber Replacement for heavy-duty fleet units,,,
SVC-011,Clutch Adjustment,2.0,165,Clutch Adjustment for heavy-duty fleet units,,,
SVC-012,Differential Service,2.5,165,Differential Service for heavy-duty fleet units,,,
SVC-013,U-Joint Replacement,1.0,165,U-Joint Replacement for heavy-duty fleet units,,,
SVC-014,Battery Replacement,1.5,165,Battery Replacement for heavy-duty fleet units,,,
SVC-016,Park Brake Adjustment,1.0,165,Park Brake Adjustment for heavy-duty fleet units,,,
