service_code,service_name,description,category,default_labor_hours,default_labor_rate,price,recommended_interval_km,recommended_interval_months,template_name,section,item,inspection_note,usage_context,part_number,part_qty,part_name
PM-HD,Heavy-Duty PM Service,Comprehensive preventive-maintenance service for highway tractors and vocational trucks.,Preventive Maintenance,3.5,165.00,599.00,25000,6,Heavy-Duty PM Service,Engine & Fluids,Check engine oil level and condition,Complete the Heavy-Duty PM Service checklist and document failed or recommended items.,Heavy-duty trucks and highway tractors,,,
PM-HD,Heavy-Duty PM Service,Comprehensive preventive-maintenance service for highway tractors and vocational trucks.,Preventive Maintenance,3.5,165.00,599.00,25000,6,Heavy-Duty PM Service,Engine & Fluids,Inspect for engine oil leaks,Complete the Heavy-Duty PM Service checklist and document failed or recommended items.,Heavy-duty trucks and highway tractors,,,
PM-HD,Heavy-Duty PM Service,Comprehensive preventive-maintenance service for highway tractors and vocational trucks.,Preventive Maintenance,3.5,165.00,599.00,25000,6,Heavy-Duty PM Service,Engine & Fluids,Check coolant level and concentration,Complete the Heavy-Duty PM Service checklist and document failed or recommended items.,Heavy-duty trucks and highway tractors,,,
PM-HD,Heavy-Duty PM Service,Comprehensive preventive-maintenance service for highway tractors and vocational trucks.,Preventive Maintenance,3.5,165.00,599.00,25000,6,Heavy-Duty PM Service,Engine & Fluids,Inspect cooling system hoses and clamps,Complete the Heavy-Duty PM Service checklist and document failed or recommended items.,Heavy-duty trucks and highway tractors,,,
PM-HD,Heavy-Duty PM Service,Comprehensive preventive-maintenance service for highway tractors and vocational trucks.,Preventive Maintenance,3.5,165.00,599.00,25000,6,Heavy-Duty PM Service,Engine & Fluids,Inspect engine air-filter restriction,Complete the Heavy-Duty PM Service checklist and document failed or recommended items.,Heavy-duty trucks and highway tractors,,,
PM-HD,Heavy-Duty PM Service,Comprehensive preventive-maintenance service for highway tractors and vocational trucks.,Preventive Maintenance,3.5,165.00,599.00,25000,6,Heavy-Duty PM Service,Fuel & Aftertreatment,Inspect fuel filter service condition,Complete the Heavy-Duty PM Service checklist and document failed or recommended items.,Heavy-duty trucks and highway tractors,,,
PM-HD,Heavy-Duty PM Service,Comprehensive preventive-maintenance service for highway tractors and vocational trucks.,Preventive Maintenance,3.5,165.00,599.00,25000,6,Heavy-Duty PM Service,Fuel & Aftertreatment,Check DEF level and contamination indicators,Complete the Heavy-Duty PM Service checklist and document failed or recommended items.,Heavy-duty trucks and highway tractors,,,
PM-HD,Heavy-Duty PM Service,Comprehensive preventive-maintenance service for highway tractors and vocational trucks.,Preventive Maintenance,3.5,165.00,599.00,25000,6,Heavy-Duty PM Service,Fuel & Aftertreatment,Review active engine and aftertreatment faults,Complete the Heavy-Duty PM Service checklist and document failed or recommended items.,Heavy-duty trucks and highway tractors,,,
PM-HD,Heavy-Duty PM Service,Comprehensive preventive-maintenance service for highway tractors and vocational trucks.,Preventive Maintenance,3.5,165.00,599.00,25000,6,Heavy-Duty PM Service,Fuel & Aftertreatment,Inspect exhaust and aftertreatment clamps for leaks,Complete the Heavy-Duty PM Service checklist and document failed or recommended items.,Heavy-duty trucks and highway tractors,,,
PM-HD,Heavy-Duty PM Service,Comprehensive preventive-maintenance service for highway tractors and vocational trucks.,Preventive Maintenance,3.5,165.00,599.00,25000,6,Heavy-Duty PM Service,Air & Brakes,Perform air-system leak-down check,Complete the Heavy-Duty PM Service checklist and document failed or recommended items.,Heavy-duty trucks and highway tractors,,,
PM-HD,Heavy-Duty PM Service,Comprehensive preventive-maintenance service for highway tractors and vocational trucks.,Preventive Maintenance,3.5,165.00,599.00,25000,6,Heavy-Duty PM Service,Air & Brakes,Inspect air dryer and purge operation,Complete the Heavy-Duty PM Service checklist and document failed or recommended items.,Heavy-duty trucks and highway tractors,,,
PM-HD,Heavy-Duty PM Service,Comprehensive preventive-maintenance service for highway tractors and vocational trucks.,Preventive Maintenance,3.5,165.00,599.00,25000,6,Heavy-Duty PM Service,Air & Brakes,Measure brake lining or shoe thickness,Complete the Heavy-Duty PM Service checklist and document failed or recommended items.,Heavy-duty trucks and highway tractors,,,
PM-HD,Heavy-Duty PM Service,Comprehensive preventive-maintenance service for highway tractors and vocational trucks.,Preventive Maintenance,3.5,165.00,599.00,25000,6,Heavy-Duty PM Service,Air & Brakes,Inspect brake chambers and slack adjusters,Complete the Heavy-Duty PM Service checklist and document failed or recommended items.,Heavy-duty trucks and highway tractors,,,
PM-HD,Heavy-Duty PM Service,Comprehensive preventive-maintenance service for highway tractors and vocational trucks.,Preventive Maintenance,3.5,165.00,599.00,25000,6,Heavy-Duty PM Service,Chassis & Safety,Lubricate chassis and fifth wheel,Complete the Heavy-Duty PM Service checklist and document failed or recommended items.,Heavy-duty trucks and highway tractors,,,
PM-HD,Heavy-Duty PM Service,Comprehensive preventive-maintenance service for highway tractors and vocational trucks.,Preventive Maintenance,3.5,165.00,599.00,25000,6,Heavy-Duty PM Service,Chassis & Safety,Inspect steering linkage and suspension,Complete the Heavy-Duty PM Service checklist and document failed or recommended items.,Heavy-duty trucks and highway tractors,,,
PM-HD,Heavy-Duty PM Service,Comprehensive preventive-maintenance service for highway tractors and vocational trucks.,Preventive Maintenance,3.5,165.00,599.00,25000,6,Heavy-Duty PM Service,Chassis & Safety,Inspect tires for wear and inflation,Complete the Heavy-Duty PM Service checklist and document failed or recommended items.,Heavy-duty trucks and highway tractors,,,
PM-HD,Heavy-Duty PM Service,Comprehensive preventive-maintenance service for highway tractors and vocational trucks.,Preventive Maintenance,3.5,165.00,599.00,25000,6,Heavy-Duty PM Service,Chassis & Safety,"Check lamps, wipers and safety equipment",Complete the Heavy-Duty PM Service checklist and document failed or recommended items.,Heavy-duty trucks and highway tractors,,,
ANNUAL-CV,Commercial Vehicle Annual Safety Inspection,Annual commercial-vehicle safety inspection checklist for trucks and tractors.,Compliance Inspection,2.6,165.00,425.00,,12,Commercial Vehicle Annual Safety Inspection,Identification & Cab,"Verify VIN, unit number and licence plate",Complete the Commercial Vehicle Annual Safety Inspection checklist and document failed or recommended items.,Commercial trucks and highway tractors,,,
ANNUAL-CV,Commercial Vehicle Annual Safety Inspection,Annual commercial-vehicle safety inspection checklist for trucks and tractors.,Compliance Inspection,2.6,165.00,425.00,,12,Commercial Vehicle Annual Safety Inspection,Identification & Cab,"Inspect windshield, mirrors and wipers",Complete the Commercial Vehicle Annual Safety Inspection checklist and document failed or recommended items.,Commercial trucks and highway tractors,,,
ANNUAL-CV,Commercial Vehicle Annual Safety Inspection,Annual commercial-vehicle safety inspection checklist for trucks and tractors.,Compliance Inspection,2.6,165.00,425.00,,12,Commercial Vehicle Annual Safety Inspection,Identification & Cab,Verify horn and instrument warning lamps,Complete the Commercial Vehicle Annual Safety Inspection checklist and document failed or recommended items.,Commercial trucks and highway tractors,,,
ANNUAL-CV,Commercial Vehicle Annual Safety Inspection,Annual commercial-vehicle safety inspection checklist for trucks and tractors.,Compliance Inspection,2.6,165.00,425.00,,12,Commercial Vehicle Annual Safety Inspection,Identification & Cab,Inspect seat belts and driver controls,Complete the Commercial Vehicle Annual Safety Inspection checklist and document failed or recommended items.,Commercial trucks and highway tractors,,,
ANNUAL-CV,Commercial Vehicle Annual Safety Inspection,Annual commercial-vehicle safety inspection checklist for trucks and tractors.,Compliance Inspection,2.6,165.00,425.00,,12,Commercial Vehicle Annual Safety Inspection,Steering & Suspension,Inspect steering gear and linkage free play,Complete the Commercial Vehicle Annual Safety Inspection checklist and document failed or recommended items.,Commercial trucks and highway tractors,,,
ANNUAL-CV,Commercial Vehicle Annual Safety Inspection,Annual commercial-vehicle safety inspection checklist for trucks and tractors.,Compliance Inspection,2.6,165.00,425.00,,12,Commercial Vehicle Annual Safety Inspection,Steering & Suspension,"Inspect springs, air bags and suspension mounts",Complete the Commercial Vehicle Annual Safety Inspection checklist and document failed or recommended items.,Commercial trucks and highway tractors,,,
ANNUAL-CV,Commercial Vehicle Annual Safety Inspection,Annual commercial-vehicle safety inspection checklist for trucks and tractors.,Compliance Inspection,2.6,165.00,425.00,,12,Commercial Vehicle Annual Safety Inspection,Steering & Suspension,Inspect shocks and torque rods,Complete the Commercial Vehicle Annual Safety Inspection checklist and document failed or recommended items.,Commercial trucks and highway tractors,,,
ANNUAL-CV,Commercial Vehicle Annual Safety Inspection,Annual commercial-vehicle safety inspection checklist for trucks and tractors.,Compliance Inspection,2.6,165.00,425.00,,12,Commercial Vehicle Annual Safety Inspection,Brakes & Air,Perform air pressure build and warning-device test,Complete the Commercial Vehicle Annual Safety Inspection checklist and document failed or recommended items.,Commercial trucks and highway tractors,,,
ANNUAL-CV,Commercial Vehicle Annual Safety Inspection,Annual commercial-vehicle safety inspection checklist for trucks and tractors.,Compliance Inspection,2.6,165.00,425.00,,12,Commercial Vehicle Annual Safety Inspection,Brakes & Air,Check brake adjustment and lining condition,Complete the Commercial Vehicle Annual Safety Inspection checklist and document failed or recommended items.,Commercial trucks and highway tractors,,,
ANNUAL-CV,Commercial Vehicle Annual Safety Inspection,Annual commercial-vehicle safety inspection checklist for trucks and tractors.,Compliance Inspection,2.6,165.00,425.00,,12,Commercial Vehicle Annual Safety Inspection,Brakes & Air,"Inspect chambers, hoses and brake hardware",Complete the Commercial Vehicle Annual Safety Inspection checklist and document failed or recommended items.,Commercial trucks and highway tractors,,,
ANNUAL-CV,Commercial Vehicle Annual Safety Inspection,Annual commercial-vehicle safety inspection checklist for trucks and tractors.,Compliance Inspection,2.6,165.00,425.00,,12,Commercial Vehicle Annual Safety Inspection,Brakes & Air,Perform parking brake function test,Complete the Commercial Vehicle Annual Safety Inspection checklist and document failed or recommended items.,Commercial trucks and highway tractors,,,
ANNUAL-CV,Commercial Vehicle Annual Safety Inspection,Annual commercial-vehicle safety inspection checklist for trucks and tractors.,Compliance Inspection,2.6,165.00,425.00,,12,Commercial Vehicle Annual Safety Inspection,"Tires, Wheels & Lighting","Inspect tires for tread, damage and inflation",Complete the Commercial Vehicle Annual Safety Inspection checklist and document failed or recommended items.,Commercial trucks and highway tractors,,,
ANNUAL-CV,Commercial Vehicle Annual Safety Inspection,Annual commercial-vehicle safety inspection checklist for trucks and tractors.,Compliance Inspection,2.6,165.00,425.00,,12,Commercial Vehicle Annual Safety Inspection,"Tires, Wheels & Lighting","Inspect wheels, studs and wheel-end leakage",Complete the Commercial Vehicle Annual Safety Inspection checklist and document failed or recommended items.,Commercial trucks and highway tractors,,,
ANNUAL-CV,Commercial Vehicle Annual Safety Inspection,Annual commercial-vehicle safety inspection checklist for trucks and tractors.,Compliance Inspection,2.6,165.00,425.00,,12,Commercial Vehicle Annual Safety Inspection,"Tires, Wheels & Lighting","Inspect headlamps, markers and turn signals",Complete the Commercial Vehicle Annual Safety Inspection checklist and document failed or recommended items.,Commercial trucks and highway tractors,,,
ANNUAL-CV,Commercial Vehicle Annual Safety Inspection,Annual commercial-vehicle safety inspection checklist for trucks and tractors.,Compliance Inspection,2.6,165.00,425.00,,12,Commercial Vehicle Annual Safety Inspection,"Tires, Wheels & Lighting",Inspect reflective tape and conspicuity devices,Complete the Commercial Vehicle Annual Safety Inspection checklist and document failed or recommended items.,Commercial trucks and highway tractors,,,
BRAKE-INSP,Brake System Inspection,"Focused heavy-duty brake inspection for pull, noise, wear or compliance concerns.",Brakes,1.5,165.00,249.00,,,Brake System Inspection,Air Supply,Check compressor build rate,Complete the Brake System Inspection checklist and document failed or recommended items.,"Heavy-duty trucks, tractors and trailers",,,
BRAKE-INSP,Brake System Inspection,"Focused heavy-duty brake inspection for pull, noise, wear or compliance concerns.",Brakes,1.5,165.00,249.00,,,Brake System Inspection,Air Supply,Check governor cut-in and cut-out,Complete the Brake System Inspection checklist and document failed or recommended items.,"Heavy-duty trucks, tractors and trailers",,,
BRAKE-INSP,Brake System Inspection,"Focused heavy-duty brake inspection for pull, noise, wear or compliance concerns.",Brakes,1.5,165.00,249.00,,,Brake System Inspection,Air Supply,Inspect air dryer operation,Complete the Brake System Inspection checklist and document failed or recommended items.,"Heavy-duty trucks, tractors and trailers",,,
BRAKE-INSP,Brake System Inspection,"Focused heavy-duty brake inspection for pull, noise, wear or compliance concerns.",Brakes,1.5,165.00,249.00,,,Brake System Inspection,Foundation Brakes,Measure brake lining or shoe thickness,Complete the Brake System Inspection checklist and document failed or recommended items.,"Heavy-duty trucks, tractors and trailers",,,
BRAKE-INSP,Brake System Inspection,"Focused heavy-duty brake inspection for pull, noise, wear or compliance concerns.",Brakes,1.5,165.00,249.00,,,Brake System Inspection,Foundation Brakes,Inspect drums or rotors for heat damage,Complete the Brake System Inspection checklist and document failed or recommended items.,"Heavy-duty trucks, tractors and trailers",,,
BRAKE-INSP,Brake System Inspection,"Focused heavy-duty brake inspection for pull, noise, wear or compliance concerns.",Brakes,1.5,165.00,249.00,,,Brake System Inspection,Foundation Brakes,Inspect chambers for damage or leakage,Complete the Brake System Inspection checklist and document failed or recommended items.,"Heavy-duty trucks, tractors and trailers",,,
BRAKE-INSP,Brake System Inspection,"Focused heavy-duty brake inspection for pull, noise, wear or compliance concerns.",Brakes,1.5,165.00,249.00,,,Brake System Inspection,Foundation Brakes,Check slack adjuster travel and operation,Complete the Brake System Inspection checklist and document failed or recommended items.,"Heavy-duty trucks, tractors and trailers",,,
BRAKE-INSP,Brake System Inspection,"Focused heavy-duty brake inspection for pull, noise, wear or compliance concerns.",Brakes,1.5,165.00,249.00,,,Brake System Inspection,Foundation Brakes,Inspect hoses and fittings for chafing or leaks,Complete the Brake System Inspection checklist and document failed or recommended items.,"Heavy-duty trucks, tractors and trailers",,,
BRAKE-INSP,Brake System Inspection,"Focused heavy-duty brake inspection for pull, noise, wear or compliance concerns.",Brakes,1.5,165.00,249.00,,,Brake System Inspection,Road Test,Check for brake pull or imbalance,Complete the Brake System Inspection checklist and document failed or recommended items.,"Heavy-duty trucks, tractors and trailers",,,
BRAKE-INSP,Brake System Inspection,"Focused heavy-duty brake inspection for pull, noise, wear or compliance concerns.",Brakes,1.5,165.00,249.00,,,Brake System Inspection,Road Test,Verify ABS warning lamps and road-test operation,Complete the Brake System Inspection checklist and document failed or recommended items.,"Heavy-duty trucks, tractors and trailers",,,
ELEC-DIAG,No-Start / Electrical Diagnostic,Structured starting and charging-system diagnostic for no-start or intermittent electrical concerns.,Diagnostics,1.8,175.00,315.00,,,No-Start / Electrical Diagnostic,Initial Checks,Confirm customer complaint and no-start condition,Complete the No-Start / Electrical Diagnostic checklist and document failed or recommended items.,"Trucks, service vehicles and equipment",,,
ELEC-DIAG,No-Start / Electrical Diagnostic,Structured starting and charging-system diagnostic for no-start or intermittent electrical concerns.,Diagnostics,1.8,175.00,315.00,,,No-Start / Electrical Diagnostic,Initial Checks,Record battery resting voltage,Complete the No-Start / Electrical Diagnostic checklist and document failed or recommended items.,"Trucks, service vehicles and equipment",,,
ELEC-DIAG,No-Start / Electrical Diagnostic,Structured starting and charging-system diagnostic for no-start or intermittent electrical concerns.,Diagnostics,1.8,175.00,315.00,,,No-Start / Electrical Diagnostic,Initial Checks,Inspect battery terminals and cable condition,Complete the No-Start / Electrical Diagnostic checklist and document failed or recommended items.,"Trucks, service vehicles and equipment",,,
ELEC-DIAG,No-Start / Electrical Diagnostic,Structured starting and charging-system diagnostic for no-start or intermittent electrical concerns.,Diagnostics,1.8,175.00,315.00,,,No-Start / Electrical Diagnostic,Starting System,Perform battery load or conductance test,Complete the No-Start / Electrical Diagnostic checklist and document failed or recommended items.,"Trucks, service vehicles and equipment",,,
ELEC-DIAG,No-Start / Electrical Diagnostic,Structured starting and charging-system diagnostic for no-start or intermittent electrical concerns.,Diagnostics,1.8,175.00,315.00,,,No-Start / Electrical Diagnostic,Starting System,Measure starter voltage drop,Complete the No-Start / Electrical Diagnostic checklist and document failed or recommended items.,"Trucks, service vehicles and equipment",,,
ELEC-DIAG,No-Start / Electrical Diagnostic,Structured starting and charging-system diagnostic for no-start or intermittent electrical concerns.,Diagnostics,1.8,175.00,315.00,,,No-Start / Electrical Diagnostic,Starting System,Check starter relay and control circuit,Complete the No-Start / Electrical Diagnostic checklist and document failed or recommended items.,"Trucks, service vehicles and equipment",,,
ELEC-DIAG,No-Start / Electrical Diagnostic,Structured starting and charging-system diagnostic for no-start or intermittent electrical concerns.,Diagnostics,1.8,175.00,315.00,,,No-Start / Electrical Diagnostic,Charging System,Measure charging voltage at idle,Complete the No-Start / Electrical Diagnostic checklist and document failed or recommended items.,"Trucks, service vehicles and equipment",,,
ELEC-DIAG,No-Start / Electrical Diagnostic,Structured starting and charging-system diagnostic for no-start or intermittent electrical concerns.,Diagnostics,1.8,175.00,315.00,,,No-Start / Electrical Diagnostic,Charging System,Measure charging voltage under electrical load,Complete the No-Start / Electrical Diagnostic checklist and document failed or recommended items.,"Trucks, service vehicles and equipment",,,
ELEC-DIAG,No-Start / Electrical Diagnostic,Structured starting and charging-system diagnostic for no-start or intermittent electrical concerns.,Diagnostics,1.8,175.00,315.00,,,No-Start / Electrical Diagnostic,Charging System,Inspect alternator belt and connections,Complete the No-Start / Electrical Diagnostic checklist and document failed or recommended items.,"Trucks, service vehicles and equipment",,,
ELEC-DIAG,No-Start / Electrical Diagnostic,Structured starting and charging-system diagnostic for no-start or intermittent electrical concerns.,Diagnostics,1.8,175.00,315.00,,,No-Start / Electrical Diagnostic,Final Verification,Check parasitic draw if applicable,Complete the No-Start / Electrical Diagnostic checklist and document failed or recommended items.,"Trucks, service vehicles and equipment",,,
ELEC-DIAG,No-Start / Electrical Diagnostic,Structured starting and charging-system diagnostic for no-start or intermittent electrical concerns.,Diagnostics,1.8,175.00,315.00,,,No-Start / Electrical Diagnostic,Final Verification,Verify multiple successful restart cycles,Complete the No-Start / Electrical Diagnostic checklist and document failed or recommended items.,"Trucks, service vehicles and equipment",,,
COOL-INSP,Cooling System Inspection,"Cooling-system pressure, leak and performance inspection.",Cooling System,1.4,165.00,235.00,,,Cooling System Inspection,Fluid Condition,Check coolant level,Complete the Cooling System Inspection checklist and document failed or recommended items.,"Trucks, service vehicles and heavy equipment",,,
COOL-INSP,Cooling System Inspection,"Cooling-system pressure, leak and performance inspection.",Cooling System,1.4,165.00,235.00,,,Cooling System Inspection,Fluid Condition,Test coolant concentration or freeze protection,Complete the Cooling System Inspection checklist and document failed or recommended items.,"Trucks, service vehicles and heavy equipment",,,
COOL-INSP,Cooling System Inspection,"Cooling-system pressure, leak and performance inspection.",Cooling System,1.4,165.00,235.00,,,Cooling System Inspection,Fluid Condition,Inspect coolant for oil or contamination,Complete the Cooling System Inspection checklist and document failed or recommended items.,"Trucks, service vehicles and heavy equipment",,,
COOL-INSP,Cooling System Inspection,"Cooling-system pressure, leak and performance inspection.",Cooling System,1.4,165.00,235.00,,,Cooling System Inspection,Leak Inspection,Pressure test cooling system,Complete the Cooling System Inspection checklist and document failed or recommended items.,"Trucks, service vehicles and heavy equipment",,,
COOL-INSP,Cooling System Inspection,"Cooling-system pressure, leak and performance inspection.",Cooling System,1.4,165.00,235.00,,,Cooling System Inspection,Leak Inspection,Inspect radiator and charge-air cooler seams,Complete the Cooling System Inspection checklist and document failed or recommended items.,"Trucks, service vehicles and heavy equipment",,,
COOL-INSP,Cooling System Inspection,"Cooling-system pressure, leak and performance inspection.",Cooling System,1.4,165.00,235.00,,,Cooling System Inspection,Leak Inspection,"Inspect hoses, clamps and heater circuits",Complete the Cooling System Inspection checklist and document failed or recommended items.,"Trucks, service vehicles and heavy equipment",,,
COOL-INSP,Cooling System Inspection,"Cooling-system pressure, leak and performance inspection.",Cooling System,1.4,165.00,235.00,,,Cooling System Inspection,Leak Inspection,Inspect water pump area for leakage,Complete the Cooling System Inspection checklist and document failed or recommended items.,"Trucks, service vehicles and heavy equipment",,,
COOL-INSP,Cooling System Inspection,"Cooling-system pressure, leak and performance inspection.",Cooling System,1.4,165.00,235.00,,,Cooling System Inspection,Performance,Inspect fan and fan clutch operation,Complete the Cooling System Inspection checklist and document failed or recommended items.,"Trucks, service vehicles and heavy equipment",,,
COOL-INSP,Cooling System Inspection,"Cooling-system pressure, leak and performance inspection.",Cooling System,1.4,165.00,235.00,,,Cooling System Inspection,Performance,Check thermostat performance indicators,Complete the Cooling System Inspection checklist and document failed or recommended items.,"Trucks, service vehicles and heavy equipment",,,
COOL-INSP,Cooling System Inspection,"Cooling-system pressure, leak and performance inspection.",Cooling System,1.4,165.00,235.00,,,Cooling System Inspection,Performance,Verify stable operating temperature on road or function test,Complete the Cooling System Inspection checklist and document failed or recommended items.,"Trucks, service vehicles and heavy equipment",,,
STEER-SUSP,Steering & Suspension Inspection,"Detailed steering, suspension and tire-wear inspection.",Steering & Suspension,1.6,165.00,269.00,,,Steering & Suspension Inspection,Steering,Check steering wheel free play,Complete the Steering & Suspension Inspection checklist and document failed or recommended items.,Heavy-duty trucks and vocational vehicles,,,
STEER-SUSP,Steering & Suspension Inspection,"Detailed steering, suspension and tire-wear inspection.",Steering & Suspension,1.6,165.00,269.00,,,Steering & Suspension Inspection,Steering,Inspect steering gear mounting and leakage,Complete the Steering & Suspension Inspection checklist and document failed or recommended items.,Heavy-duty trucks and vocational vehicles,,,
STEER-SUSP,Steering & Suspension Inspection,"Detailed steering, suspension and tire-wear inspection.",Steering & Suspension,1.6,165.00,269.00,,,Steering & Suspension Inspection,Steering,Inspect drag link and tie rod ends,Complete the Steering & Suspension Inspection checklist and document failed or recommended items.,Heavy-duty trucks and vocational vehicles,,,
STEER-SUSP,Steering & Suspension Inspection,"Detailed steering, suspension and tire-wear inspection.",Steering & Suspension,1.6,165.00,269.00,,,Steering & Suspension Inspection,Steering,Inspect kingpins and steer axle play,Complete the Steering & Suspension Inspection checklist and document failed or recommended items.,Heavy-duty trucks and vocational vehicles,,,
STEER-SUSP,Steering & Suspension Inspection,"Detailed steering, suspension and tire-wear inspection.",Steering & Suspension,1.6,165.00,269.00,,,Steering & Suspension Inspection,Suspension,Inspect leaf springs and hangers,Complete the Steering & Suspension Inspection checklist and document failed or recommended items.,Heavy-duty trucks and vocational vehicles,,,
STEER-SUSP,Steering & Suspension Inspection,"Detailed steering, suspension and tire-wear inspection.",Steering & Suspension,1.6,165.00,269.00,,,Steering & Suspension Inspection,Suspension,Inspect air springs for cracking or leakage,Complete the Steering & Suspension Inspection checklist and document failed or recommended items.,Heavy-duty trucks and vocational vehicles,,,
STEER-SUSP,Steering & Suspension Inspection,"Detailed steering, suspension and tire-wear inspection.",Steering & Suspension,1.6,165.00,269.00,,,Steering & Suspension Inspection,Suspension,Inspect torque rods and bushings,Complete the Steering & Suspension Inspection checklist and document failed or recommended items.,Heavy-duty trucks and vocational vehicles,,,
STEER-SUSP,Steering & Suspension Inspection,"Detailed steering, suspension and tire-wear inspection.",Steering & Suspension,1.6,165.00,269.00,,,Steering & Suspension Inspection,Suspension,Inspect shocks and mounting hardware,Complete the Steering & Suspension Inspection checklist and document failed or recommended items.,Heavy-duty trucks and vocational vehicles,,,
STEER-SUSP,Steering & Suspension Inspection,"Detailed steering, suspension and tire-wear inspection.",Steering & Suspension,1.6,165.00,269.00,,,Steering & Suspension Inspection,Tires & Alignment Indicators,Inspect steer tire tread depth,Complete the Steering & Suspension Inspection checklist and document failed or recommended items.,Heavy-duty trucks and vocational vehicles,,,
STEER-SUSP,Steering & Suspension Inspection,"Detailed steering, suspension and tire-wear inspection.",Steering & Suspension,1.6,165.00,269.00,,,Steering & Suspension Inspection,Tires & Alignment Indicators,Check tire wear pattern for alignment concerns,Complete the Steering & Suspension Inspection checklist and document failed or recommended items.,Heavy-duty trucks and vocational vehicles,,,
STEER-SUSP,Steering & Suspension Inspection,"Detailed steering, suspension and tire-wear inspection.",Steering & Suspension,1.6,165.00,269.00,,,Steering & Suspension Inspection,Tires & Alignment Indicators,Inspect wheel bearing play,Complete the Steering & Suspension Inspection checklist and document failed or recommended items.,Heavy-duty trucks and vocational vehicles,,,
STEER-SUSP,Steering & Suspension Inspection,"Detailed steering, suspension and tire-wear inspection.",Steering & Suspension,1.6,165.00,269.00,,,Steering & Suspension Inspection,Tires & Alignment Indicators,Verify ride height where applicable,Complete the Steering & Suspension Inspection checklist and document failed or recommended items.,Heavy-duty trucks and vocational vehicles,,,
TRAILER-PM,Trailer PM Service,"Preventive-maintenance inspection for dry van, reefer and vocational trailers.",Trailer,2.4,155.00,389.00,30000,6,Trailer PM Service,Coupling & Structure,Inspect kingpin and upper coupler,Complete the Trailer PM Service checklist and document failed or recommended items.,Commercial trailers,,,
TRAILER-PM,Trailer PM Service,"Preventive-maintenance inspection for dry van, reefer and vocational trailers.",Trailer,2.4,155.00,389.00,30000,6,Trailer PM Service,Coupling & Structure,Inspect landing gear and crank operation,Complete the Trailer PM Service checklist and document failed or recommended items.,Commercial trailers,,,
TRAILER-PM,Trailer PM Service,"Preventive-maintenance inspection for dry van, reefer and vocational trailers.",Trailer,2.4,155.00,389.00,30000,6,Trailer PM Service,Coupling & Structure,"Inspect frame, crossmembers and body structure",Complete the Trailer PM Service checklist and document failed or recommended items.,Commercial trailers,,,
TRAILER-PM,Trailer PM Service,"Preventive-maintenance inspection for dry van, reefer and vocational trailers.",Trailer,2.4,155.00,389.00,30000,6,Trailer PM Service,Air & Brakes,Inspect gladhand seals and air lines,Complete the Trailer PM Service checklist and document failed or recommended items.,Commercial trailers,,,
TRAILER-PM,Trailer PM Service,"Preventive-maintenance inspection for dry van, reefer and vocational trailers.",Trailer,2.4,155.00,389.00,30000,6,Trailer PM Service,Air & Brakes,Perform trailer air leak check,Complete the Trailer PM Service checklist and document failed or recommended items.,Commercial trailers,,,
TRAILER-PM,Trailer PM Service,"Preventive-maintenance inspection for dry van, reefer and vocational trailers.",Trailer,2.4,155.00,389.00,30000,6,Trailer PM Service,Air & Brakes,Inspect brake lining and drums,Complete the Trailer PM Service checklist and document failed or recommended items.,Commercial trailers,,,
TRAILER-PM,Trailer PM Service,"Preventive-maintenance inspection for dry van, reefer and vocational trailers.",Trailer,2.4,155.00,389.00,30000,6,Trailer PM Service,Air & Brakes,Inspect chambers and slack adjusters,Complete the Trailer PM Service checklist and document failed or recommended items.,Commercial trailers,,,
TRAILER-PM,Trailer PM Service,"Preventive-maintenance inspection for dry van, reefer and vocational trailers.",Trailer,2.4,155.00,389.00,30000,6,Trailer PM Service,Wheel Ends,Inspect hub seals for leakage,Complete the Trailer PM Service checklist and document failed or recommended items.,Commercial trailers,,,
TRAILER-PM,Trailer PM Service,"Preventive-maintenance inspection for dry van, reefer and vocational trailers.",Trailer,2.4,155.00,389.00,30000,6,Trailer PM Service,Wheel Ends,Check wheel bearing play,Complete the Trailer PM Service checklist and document failed or recommended items.,Commercial trailers,,,
TRAILER-PM,Trailer PM Service,"Preventive-maintenance inspection for dry van, reefer and vocational trailers.",Trailer,2.4,155.00,389.00,30000,6,Trailer PM Service,Wheel Ends,Inspect tires and wheel fasteners,Complete the Trailer PM Service checklist and document failed or recommended items.,Commercial trailers,,,
TRAILER-PM,Trailer PM Service,"Preventive-maintenance inspection for dry van, reefer and vocational trailers.",Trailer,2.4,155.00,389.00,30000,6,Trailer PM Service,Electrical & Safety,Verify ABS lamp self-test,Complete the Trailer PM Service checklist and document failed or recommended items.,Commercial trailers,,,
TRAILER-PM,Trailer PM Service,"Preventive-maintenance inspection for dry van, reefer and vocational trailers.",Trailer,2.4,155.00,389.00,30000,6,Trailer PM Service,Electrical & Safety,Inspect seven-way cable and socket,Complete the Trailer PM Service checklist and document failed or recommended items.,Commercial trailers,,,
TRAILER-PM,Trailer PM Service,"Preventive-maintenance inspection for dry van, reefer and vocational trailers.",Trailer,2.4,155.00,389.00,30000,6,Trailer PM Service,Electrical & Safety,Inspect all lamps and reflective tape,Complete the Trailer PM Service checklist and document failed or recommended items.,Commercial trailers,,,
FIELD-ARRIVAL,Field Service Arrival & Repair Inspection,Fast arrival inspection for mobile repairs and roadside service calls.,Field Service,0.8,175.00,149.00,,,Field Service Arrival & Repair Inspection,Arrival & Safety,Confirm unit identity and customer complaint,Complete the Field Service Arrival & Repair Inspection checklist and document failed or recommended items.,"Field service trucks, customer vehicles and mobile equipment",,,
FIELD-ARRIVAL,Field Service Arrival & Repair Inspection,Fast arrival inspection for mobile repairs and roadside service calls.,Field Service,0.8,175.00,149.00,,,Field Service Arrival & Repair Inspection,Arrival & Safety,Document safe work zone and lockout requirements,Complete the Field Service Arrival & Repair Inspection checklist and document failed or recommended items.,"Field service trucks, customer vehicles and mobile equipment",,,
FIELD-ARRIVAL,Field Service Arrival & Repair Inspection,Fast arrival inspection for mobile repairs and roadside service calls.,Field Service,0.8,175.00,149.00,,,Field Service Arrival & Repair Inspection,Arrival & Safety,Photograph or document visible damage,Complete the Field Service Arrival & Repair Inspection checklist and document failed or recommended items.,"Field service trucks, customer vehicles and mobile equipment",,,
FIELD-ARRIVAL,Field Service Arrival & Repair Inspection,Fast arrival inspection for mobile repairs and roadside service calls.,Field Service,0.8,175.00,149.00,,,Field Service Arrival & Repair Inspection,Condition Check,Check fluid levels relevant to complaint,Complete the Field Service Arrival & Repair Inspection checklist and document failed or recommended items.,"Field service trucks, customer vehicles and mobile equipment",,,
FIELD-ARRIVAL,Field Service Arrival & Repair Inspection,Fast arrival inspection for mobile repairs and roadside service calls.,Field Service,0.8,175.00,149.00,,,Field Service Arrival & Repair Inspection,Condition Check,Inspect for active leaks,Complete the Field Service Arrival & Repair Inspection checklist and document failed or recommended items.,"Field service trucks, customer vehicles and mobile equipment",,,
FIELD-ARRIVAL,Field Service Arrival & Repair Inspection,Fast arrival inspection for mobile repairs and roadside service calls.,Field Service,0.8,175.00,149.00,,,Field Service Arrival & Repair Inspection,Condition Check,Check battery voltage and basic electrical condition,Complete the Field Service Arrival & Repair Inspection checklist and document failed or recommended items.,"Field service trucks, customer vehicles and mobile equipment",,,
FIELD-ARRIVAL,Field Service Arrival & Repair Inspection,Fast arrival inspection for mobile repairs and roadside service calls.,Field Service,0.8,175.00,149.00,,,Field Service Arrival & Repair Inspection,Condition Check,Review active warning lamps or fault codes,Complete the Field Service Arrival & Repair Inspection checklist and document failed or recommended items.,"Field service trucks, customer vehicles and mobile equipment",,,
FIELD-ARRIVAL,Field Service Arrival & Repair Inspection,Fast arrival inspection for mobile repairs and roadside service calls.,Field Service,0.8,175.00,149.00,,,Field Service Arrival & Repair Inspection,Repair Verification,Document diagnosis and recommended repair,Complete the Field Service Arrival & Repair Inspection checklist and document failed or recommended items.,"Field service trucks, customer vehicles and mobile equipment",,,
FIELD-ARRIVAL,Field Service Arrival & Repair Inspection,Fast arrival inspection for mobile repairs and roadside service calls.,Field Service,0.8,175.00,149.00,,,Field Service Arrival & Repair Inspection,Repair Verification,Verify repair function after completion,Complete the Field Service Arrival & Repair Inspection checklist and document failed or recommended items.,"Field service trucks, customer vehicles and mobile equipment",,,
FIELD-ARRIVAL,Field Service Arrival & Repair Inspection,Fast arrival inspection for mobile repairs and roadside service calls.,Field Service,0.8,175.00,149.00,,,Field Service Arrival & Repair Inspection,Repair Verification,Document parts used and follow-up recommendations,Complete the Field Service Arrival & Repair Inspection checklist and document failed or recommended items.,"Field service trucks, customer vehicles and mobile equipment",,,
EQUIP-PM,Heavy Equipment Preventive Maintenance,"Preventive-maintenance inspection for excavators, loaders, dozers and compact equipment.",Heavy Equipment,5.0,175.00,849.00,,6,Heavy Equipment Preventive Maintenance,Engine & Cooling,Check engine oil level and leaks,Complete the Heavy Equipment Preventive Maintenance checklist and document failed or recommended items.,Off-highway construction and industrial equipment,,,
EQUIP-PM,Heavy Equipment Preventive Maintenance,"Preventive-maintenance inspection for excavators, loaders, dozers and compact equipment.",Heavy Equipment,5.0,175.00,849.00,,6,Heavy Equipment Preventive Maintenance,Engine & Cooling,Inspect coolant level and cooling package,Complete the Heavy Equipment Preventive Maintenance checklist and document failed or recommended items.,Off-highway construction and industrial equipment,,,
EQUIP-PM,Heavy Equipment Preventive Maintenance,"Preventive-maintenance inspection for excavators, loaders, dozers and compact equipment.",Heavy Equipment,5.0,175.00,849.00,,6,Heavy Equipment Preventive Maintenance,Engine & Cooling,Inspect belts and hoses,Complete the Heavy Equipment Preventive Maintenance checklist and document failed or recommended items.,Off-highway construction and industrial equipment,,,
EQUIP-PM,Heavy Equipment Preventive Maintenance,"Preventive-maintenance inspection for excavators, loaders, dozers and compact equipment.",Heavy Equipment,5.0,175.00,849.00,,6,Heavy Equipment Preventive Maintenance,Engine & Cooling,Inspect air-filter restriction indicator,Complete the Heavy Equipment Preventive Maintenance checklist and document failed or recommended items.,Off-highway construction and industrial equipment,,,
EQUIP-PM,Heavy Equipment Preventive Maintenance,"Preventive-maintenance inspection for excavators, loaders, dozers and compact equipment.",Heavy Equipment,5.0,175.00,849.00,,6,Heavy Equipment Preventive Maintenance,Hydraulics,Check hydraulic oil level and condition,Complete the Heavy Equipment Preventive Maintenance checklist and document failed or recommended items.,Off-highway construction and industrial equipment,,,
EQUIP-PM,Heavy Equipment Preventive Maintenance,"Preventive-maintenance inspection for excavators, loaders, dozers and compact equipment.",Heavy Equipment,5.0,175.00,849.00,,6,Heavy Equipment Preventive Maintenance,Hydraulics,Inspect hydraulic hoses and fittings for leaks,Complete the Heavy Equipment Preventive Maintenance checklist and document failed or recommended items.,Off-highway construction and industrial equipment,,,
EQUIP-PM,Heavy Equipment Preventive Maintenance,"Preventive-maintenance inspection for excavators, loaders, dozers and compact equipment.",Heavy Equipment,5.0,175.00,849.00,,6,Heavy Equipment Preventive Maintenance,Hydraulics,Inspect cylinders for rod damage or leakage,Complete the Heavy Equipment Preventive Maintenance checklist and document failed or recommended items.,Off-highway construction and industrial equipment,,,
EQUIP-PM,Heavy Equipment Preventive Maintenance,"Preventive-maintenance inspection for excavators, loaders, dozers and compact equipment.",Heavy Equipment,5.0,175.00,849.00,,6,Heavy Equipment Preventive Maintenance,Undercarriage / Running Gear,Inspect tracks or tires for wear and damage,Complete the Heavy Equipment Preventive Maintenance checklist and document failed or recommended items.,Off-highway construction and industrial equipment,,,
EQUIP-PM,Heavy Equipment Preventive Maintenance,"Preventive-maintenance inspection for excavators, loaders, dozers and compact equipment.",Heavy Equipment,5.0,175.00,849.00,,6,Heavy Equipment Preventive Maintenance,Undercarriage / Running Gear,"Inspect rollers, idlers or wheel-end components",Complete the Heavy Equipment Preventive Maintenance checklist and document failed or recommended items.,Off-highway construction and industrial equipment,,,
EQUIP-PM,Heavy Equipment Preventive Maintenance,"Preventive-maintenance inspection for excavators, loaders, dozers and compact equipment.",Heavy Equipment,5.0,175.00,849.00,,6,Heavy Equipment Preventive Maintenance,Undercarriage / Running Gear,Check final drive or axle leakage,Complete the Heavy Equipment Preventive Maintenance checklist and document failed or recommended items.,Off-highway construction and industrial equipment,,,
EQUIP-PM,Heavy Equipment Preventive Maintenance,"Preventive-maintenance inspection for excavators, loaders, dozers and compact equipment.",Heavy Equipment,5.0,175.00,849.00,,6,Heavy Equipment Preventive Maintenance,Safety & Controls,"Test horn, alarms and work lights",Complete the Heavy Equipment Preventive Maintenance checklist and document failed or recommended items.,Off-highway construction and industrial equipment,,,
EQUIP-PM,Heavy Equipment Preventive Maintenance,"Preventive-maintenance inspection for excavators, loaders, dozers and compact equipment.",Heavy Equipment,5.0,175.00,849.00,,6,Heavy Equipment Preventive Maintenance,Safety & Controls,Inspect operator restraint and cab condition,Complete the Heavy Equipment Preventive Maintenance checklist and document failed or recommended items.,Off-highway construction and industrial equipment,,,
EQUIP-PM,Heavy Equipment Preventive Maintenance,"Preventive-maintenance inspection for excavators, loaders, dozers and compact equipment.",Heavy Equipment,5.0,175.00,849.00,,6,Heavy Equipment Preventive Maintenance,Safety & Controls,Function-test primary controls and interlocks,Complete the Heavy Equipment Preventive Maintenance checklist and document failed or recommended items.,Off-highway construction and industrial equipment,,,
EQUIP-PM,Heavy Equipment Preventive Maintenance,"Preventive-maintenance inspection for excavators, loaders, dozers and compact equipment.",Heavy Equipment,5.0,175.00,849.00,,6,Heavy Equipment Preventive Maintenance,Safety & Controls,Document hour meter and next service interval,Complete the Heavy Equipment Preventive Maintenance checklist and document failed or recommended items.,Off-highway construction and industrial equipment,,,
OIL-FILT,Engine Oil & Filter Service,Drain and refill engine oil and replace lube filter.,Preventive Maintenance,1.4,165.00,329.00,25000,6,,,,,,,,
FUEL-FILT,Fuel Filter Replacement,Replace primary and secondary fuel filters and prime system.,Preventive Maintenance,1.2,165.00,289.00,,,,,,,,,,
AIR-FILT,Engine Air Filter Replacement,Replace engine air filter and reset restriction indicator where applicable.,Preventive Maintenance,0.6,165.00,179.00,,,,,,,,,,
BRAKE-FRONT,Front Brake Reline,"Replace steer axle brake shoes/pads, service hardware and adjust brakes.",Brakes,4.5,165.00,1495.00,,,,,,,,,,
BRAKE-REAR,Rear Brake Reline,"Replace drive axle brake shoes/pads, service hardware and adjust brakes.",Brakes,5.5,165.00,1795.00,,,,,,,,,,
WHEEL-SEAL,Wheel Seal Replacement,"Replace leaking wheel seal, inspect bearings and set wheel-end adjustment.",Wheel End,4.0,165.00,895.00,,,,,,,,,,
DPF-DIAG,DPF Diagnostic / Forced Regen,"Aftertreatment fault review, soot-load evaluation and stationary regen where appropriate.",Aftertreatment,2.5,175.00,449.00,,,,,,,,,,
AIR-LEAK,Air System Leak Diagnostic,Locate and quantify air-system leakage and provide repair recommendation.,Air System,1.5,175.00,269.00,,,,,,,,,,
BAT-CHG,Battery / Charging System Test,Battery conductance/load test and charging-system output test.,Electrical,0.8,175.00,149.00,,,,,,,,,,
FIFTH-SVC,Fifth Wheel Inspection & Service,"Inspect lock jaws, mounting, top plate and lubrication condition.",Chassis,1.0,165.00,189.00,,,,,,,,,,
COOL-SVC,Coolant Service,Drain/refill cooling system with extended-life coolant and inspect hoses.,Cooling System,2.2,165.00,549.00,,24,,,,,,,,
ROADSIDE-NOSTART,Roadside No-Start Callout,Mobile service callout including initial no-start diagnosis and first hour on site.,Field Service,1.0,195.00,349.00,,,,,,,,,,
HYD-LEAK,Hydraulic Leak Diagnostic,"Locate hydraulic leak, assess hose/fitting/cylinder condition and quote repair.",Heavy Equipment,1.5,185.00,299.00,,,,,,,,,,
FORK-SAFETY,Forklift Safety Inspection,Operational and safety inspection for industrial forklifts.,Forklift,1.2,165.00,219.00,,,,,,,,,,
BOOM-ANNUAL,Boom Lift Function & Safety Inspection,Function and safety inspection for boom/man-lift equipment.,Access Equipment,1.8,175.00,319.00,,,,,,,,,,
PM-HD,Heavy-Duty PM Service,Comprehensive preventive-maintenance service for highway tractors and vocational trucks.,Preventive Maintenance,3.5,165.00,599.00,,,,,,,,OIL-FILTER-HD,1,Engine oil filter
PM-HD,Heavy-Duty PM Service,Comprehensive preventive-maintenance service for highway tractors and vocational trucks.,Preventive Maintenance,3.5,165.00,599.00,,,,,,,,FUEL-FILTER-HD,2,Fuel filter
PM-HD,Heavy-Duty PM Service,Comprehensive preventive-maintenance service for highway tractors and vocational trucks.,Preventive Maintenance,3.5,165.00,599.00,,,,,,,,AIR-FILTER-HD,1,Engine air filter
PM-HD,Heavy-Duty PM Service,Comprehensive preventive-maintenance service for highway tractors and vocational trucks.,Preventive Maintenance,3.5,165.00,599.00,,,,,,,,OIL-15W40,12,15W-40 engine oil (L)
OIL-FILT,Engine Oil & Filter Service,Drain and refill engine oil and replace lube filter.,Preventive Maintenance,1.4,165.00,329.00,,,,,,,,OIL-FILTER-HD,1,Engine oil filter
OIL-FILT,Engine Oil & Filter Service,Drain and refill engine oil and replace lube filter.,Preventive Maintenance,1.4,165.00,329.00,,,,,,,,OIL-15W40,12,15W-40 engine oil (L)
FUEL-FILT,Fuel Filter Replacement,Replace primary and secondary fuel filters and prime system.,Preventive Maintenance,1.2,165.00,289.00,,,,,,,,FUEL-FILTER-HD,2,Fuel filter
AIR-FILT,Engine Air Filter Replacement,Replace engine air filter and reset restriction indicator where applicable.,Preventive Maintenance,0.6,165.00,179.00,,,,,,,,AIR-FILTER-HD,1,Engine air filter
COOL-SVC,Coolant Service,Drain/refill cooling system with extended-life coolant and inspect hoses.,Cooling System,2.2,165.00,549.00,,,,,,,,COOLANT-ELC,10,Extended-life coolant (L)
WHEEL-SEAL,Wheel Seal Replacement,"Replace leaking wheel seal, inspect bearings and set wheel-end adjustment.",Wheel End,4.0,165.00,895.00,,,,,,,,SEAL-WHEEL-HD,2,Wheel seal
BRAKE-FRONT,Front Brake Reline,"Replace steer axle brake shoes/pads, service hardware and adjust brakes.",Brakes,4.5,165.00,1495.00,,,,,,,,LINING-STEER-KIT,1,Steer axle brake lining kit
